"","Antigen","C_1","MEGLUMINE_1","IPRATROPIUM_BROMIDE_1","ISOFLUPREDONE_ACETATE_1","ENALAPRILAT_1","ACETOPHENAZINE_MALEATE_1","BEPHENIUM_HYDROXYNAPTHOATE_1","DIPERODON_HYDROCHLORIDE_1","CLOFAZIMINE_1","BENZYDAMINE_HYDROCHLORIDE_1","DESONIDE_1","C_2","PFI90_1","GLYCOPYRROLATE_1","ITRACONAZOLE_1","OCTISALATE_1","RIBOFLAVIN_5-PHOSPHATE_SODIUM_1","GLIMEPIRIDE_1","CEFTAZIDIME_1","GABAPENTIN_1","ELETRIPTAN_HYDROBROMIDE_1","ARIPIPRAZOLE_1","ZILEUTON_1","C_3","PFI90_2","VINPOCETINE_1","RABEPRAZOLE_SODIUM_1","RISEDRONATE_SODIUM_1","EUCALYPTOL_1","COLISTIN_SULFATE_1","TRAVOPROST_1","DECAMETHONIUM_BROMIDE_1","BENZBROMARONE_1","BROMPERIDOL_1","IVERMECTIN_1","C_4","PFI90_3","LORNOXICAM_1","CLAVULANATE_LITHIUM_1","TRETINOIN_1","SULBACTAM_1","AMMONIUM_LACTATE_1","NOMIFENSINE_MALEATE_1","ONDANSETRON_1","CYPROTERONE_ACETATE_1","DIRITHROMYCIN_1","CLORSULON_1","C_5","PFI90_4","MANIDIPINE_HYDROCHLORIDE_1","ZOMEPIRAC_SODIUM_1","DROSPIRENONE_1","CARBADOX_1","RIBAVIRIN_1","BEMOTRIZINOL_1","CANRENONE_1","ATOVAQUONE_1","ETOPOSIDE_1","PENBUTOLOL_SULFATE_1","C_6","PFI90_5","PARAMETHADIONE_1","ETHOTOIN_1","DYDROGESTERONE_1","IFOSFAMIDE_1","FLUROTHYL_1","CEFORANIDE_1","SUMATRIPTAN_SUCCINATE_1","BRINZOLAMIDE_1","AZATADINE_MALEATE_1","BETAXALOL_HYDROCHLORIDE_1","C_7","RIVASTIGMINE_TARTRATE_1","ETHYL_PARABEN_1","THIOSTREPTON_1","ALBUTEROL_1","SOTALOL_HYDROCHLORIDE_1","MYCOPHENOLATE_MOFETIL_1","CEFTIOFUR_HYDROCHLORIDE_1","CLINAFOXACIN_HYDROCHLORIDE_1","BUTOCONAZOLE_1","CEFPIRAMIDE_1","C_8","AZACITIDINE_1","TELMISARTAN_1","MOLSIDOMINE_1","PROSCILLARIDIN_1","CANDICIDIN_1","CINTRIAMIDE_1","PYRETHRINS_1","ESZOPICLONE_1","CLOZAPINE_1","SODIUM_PHENYLBUTYRATE_1","C_9","C_10","MEGLUMINE_2","IPRATROPIUM_BROMIDE_2","ISOFLUPREDONE_ACETATE_2","ENALAPRILAT_2","ACETOPHENAZINE_MALEATE_2","BEPHENIUM_HYDROXYNAPTHOATE_2","DIPERODON_HYDROCHLORIDE_2","CLOFAZIMINE_2","BENZYDAMINE_HYDROCHLORIDE_2","DESONIDE_2","C_11","IFNG_1","GLYCOPYRROLATE_2","ITRACONAZOLE_2","OCTISALATE_2","RIBOFLAVIN_5-PHOSPHATE_SODIUM_2","GLIMEPIRIDE_2","CEFTAZIDIME_2","GABAPENTIN_2","ELETRIPTAN_HYDROBROMIDE_2","ARIPIPRAZOLE_2","ZILEUTON_2","C_12","IFNG_2","VINPOCETINE_2","RABEPRAZOLE_SODIUM_2","RISEDRONATE_SODIUM_2","EUCALYPTOL_2","COLISTIN_SULFATE_2","TRAVOPROST_2","DECAMETHONIUM_BROMIDE_2","BENZBROMARONE_2","BROMPERIDOL_2","IVERMECTIN_2","C_13","IFNG_3","LORNOXICAM_2","CLAVULANATE_LITHIUM_2","TRETINOIN_2","SULBACTAM_2","AMMONIUM_LACTATE_2","NOMIFENSINE_MALEATE_2","ONDANSETRON_2","CYPROTERONE_ACETATE_2","DIRITHROMYCIN_2","CLORSULON_2","C_14","IFNG_4","MANIDIPINE_HYDROCHLORIDE_2","ZOMEPIRAC_SODIUM_2","DROSPIRENONE_2","CARBADOX_2","RIBAVIRIN_2","BEMOTRIZINOL_2","CANRENONE_2","ATOVAQUONE_2","ETOPOSIDE_2","PENBUTOLOL_SULFATE_2","C_15","IFNG_5","PARAMETHADIONE_2","ETHOTOIN_2","DYDROGESTERONE_2","IFOSFAMIDE_2","FLUROTHYL_2","CEFORANIDE_2","SUMATRIPTAN_SUCCINATE_2","BRINZOLAMIDE_2","AZATADINE_MALEATE_2","BETAXALOL_HYDROCHLORIDE_2","C_16","IFNG_6","RIVASTIGMINE_TARTRATE_2","ETHYL_PARABEN_2","THIOSTREPTON_2","ALBUTEROL_2","SOTALOL_HYDROCHLORIDE_2","MYCOPHENOLATE_MOFETIL_2","CEFTIOFUR_HYDROCHLORIDE_2","CLINAFOXACIN_HYDROCHLORIDE_2","BUTOCONAZOLE_2","CEFPIRAMIDE_2","C_17","IFNG_7","AZACITIDINE_2","TELMISARTAN_2","MOLSIDOMINE_2","PROSCILLARIDIN_2","CANDICIDIN_2","CINTRIAMIDE_2","PYRETHRINS_2","ESZOPICLONE_2","CLOZAPINE_2","SODIUM_PHENYLBUTYRATE_2","C_18","C_19","MEGLUMINE_3","IPRATROPIUM_BROMIDE_3","ISOFLUPREDONE_ACETATE_3","ENALAPRILAT_3","ACETOPHENAZINE_MALEATE_3","BEPHENIUM_HYDROXYNAPTHOATE_3","DIPERODON_HYDROCHLORIDE_3","CLOFAZIMINE_3","BENZYDAMINE_HYDROCHLORIDE_3","DESONIDE_3","C_20","TNFa_1","GLYCOPYRROLATE_3","ITRACONAZOLE_3","OCTISALATE_3","RIBOFLAVIN_5-PHOSPHATE_SODIUM_3","GLIMEPIRIDE_3","CEFTAZIDIME_3","GABAPENTIN_3","ELETRIPTAN_HYDROBROMIDE_3","ARIPIPRAZOLE_3","ZILEUTON_3","C_21","TNFa_2","VINPOCETINE_3","RABEPRAZOLE_SODIUM_3","RISEDRONATE_SODIUM_3","EUCALYPTOL_3","COLISTIN_SULFATE_3","TRAVOPROST_3","DECAMETHONIUM_BROMIDE_3","BENZBROMARONE_3","BROMPERIDOL_3","IVERMECTIN_3","C_22","TNFa_3","LORNOXICAM_3","CLAVULANATE_LITHIUM_3","TRETINOIN_3","SULBACTAM_3","AMMONIUM_LACTATE_3","NOMIFENSINE_MALEATE_3","ONDANSETRON_3","CYPROTERONE_ACETATE_3","DIRITHROMYCIN_3","CLORSULON_3","C_23","TNFa_4","MANIDIPINE_HYDROCHLORIDE_3","ZOMEPIRAC_SODIUM_3","DROSPIRENONE_3","CARBADOX_3","RIBAVIRIN_3","BEMOTRIZINOL_3","CANRENONE_3","ATOVAQUONE_3","ETOPOSIDE_3","PENBUTOLOL_SULFATE_3","C_24","TNFa_5","PARAMETHADIONE_3","ETHOTOIN_3","DYDROGESTERONE_3","IFOSFAMIDE_3","FLUROTHYL_3","CEFORANIDE_3","SUMATRIPTAN_SUCCINATE_3","BRINZOLAMIDE_3","AZATADINE_MALEATE_3","BETAXALOL_HYDROCHLORIDE_3","C_25","TNFa_6","RIVASTIGMINE_TARTRATE_3","ETHYL_PARABEN_3","THIOSTREPTON_3","ALBUTEROL_3","SOTALOL_HYDROCHLORIDE_3","MYCOPHENOLATE_MOFETIL_3","CEFTIOFUR_HYDROCHLORIDE_3","CLINAFOXACIN_HYDROCHLORIDE_3","BUTOCONAZOLE_3","CEFPIRAMIDE_3","C_26","TNFa_7","AZACITIDINE_3","TELMISARTAN_3","MOLSIDOMINE_3","PROSCILLARIDIN_3","CANDICIDIN_3","CINTRIAMIDE_3","PYRETHRINS_3","ESZOPICLONE_3","CLOZAPINE_3","SODIUM_PHENYLBUTYRATE_3","C_27","C_28","MEGLUMINE_4","IPRATROPIUM_BROMIDE_4","ISOFLUPREDONE_ACETATE_4","ENALAPRILAT_4","ACETOPHENAZINE_MALEATE_4","BEPHENIUM_HYDROXYNAPTHOATE_4","DIPERODON_HYDROCHLORIDE_4","CLOFAZIMINE_4","BENZYDAMINE_HYDROCHLORIDE_4","DESONIDE_4","C_29","C_30","GLYCOPYRROLATE_4","ITRACONAZOLE_4","OCTISALATE_4","RIBOFLAVIN_5-PHOSPHATE_SODIUM_4","GLIMEPIRIDE_4","CEFTAZIDIME_4","GABAPENTIN_4","ELETRIPTAN_HYDROBROMIDE_4","ARIPIPRAZOLE_4","ZILEUTON_4","C_31","C_32","VINPOCETINE_4","RABEPRAZOLE_SODIUM_4","RISEDRONATE_SODIUM_4","EUCALYPTOL_4","COLISTIN_SULFATE_4","TRAVOPROST_4","DECAMETHONIUM_BROMIDE_4","BENZBROMARONE_4","BROMPERIDOL_4","IVERMECTIN_4","C_33","C_34","LORNOXICAM_4","CLAVULANATE_LITHIUM_4","TRETINOIN_4","SULBACTAM_4","AMMONIUM_LACTATE_4","NOMIFENSINE_MALEATE_4","ONDANSETRON_4","CYPROTERONE_ACETATE_4","DIRITHROMYCIN_4","CLORSULON_4","C_35","C_36","MANIDIPINE_HYDROCHLORIDE_4","ZOMEPIRAC_SODIUM_4","DROSPIRENONE_4","CARBADOX_4","RIBAVIRIN_4","BEMOTRIZINOL_4","CANRENONE_4","ATOVAQUONE_4","ETOPOSIDE_4","PENBUTOLOL_SULFATE_4","C_37","C_38","PARAMETHADIONE_4","ETHOTOIN_4","DYDROGESTERONE_4","IFOSFAMIDE_4","FLUROTHYL_4","CEFORANIDE_4","SUMATRIPTAN_SUCCINATE_4","BRINZOLAMIDE_4","AZATADINE_MALEATE_4","BETAXALOL_HYDROCHLORIDE_4","C_39","C_40","RIVASTIGMINE_TARTRATE_4","ETHYL_PARABEN_4","THIOSTREPTON_4","ALBUTEROL_4","SOTALOL_HYDROCHLORIDE_4","MYCOPHENOLATE_MOFETIL_4","CEFTIOFUR_HYDROCHLORIDE_4","CLINAFOXACIN_HYDROCHLORIDE_4","BUTOCONAZOLE_4","CEFPIRAMIDE_4","C_41","C_42","AZACITIDINE_4","TELMISARTAN_4","MOLSIDOMINE_4","PROSCILLARIDIN_4","CANDICIDIN_4","CINTRIAMIDE_4","PYRETHRINS_4","ESZOPICLONE_4","CLOZAPINE_4","SODIUM_PHENYLBUTYRATE_4","C_43","C_44","MEGLUMINE_5","IPRATROPIUM_BROMIDE_5","ISOFLUPREDONE_ACETATE_5","ENALAPRILAT_5","ACETOPHENAZINE_MALEATE_5","BEPHENIUM_HYDROXYNAPTHOATE_5","DIPERODON_HYDROCHLORIDE_5","CLOFAZIMINE_5","BENZYDAMINE_HYDROCHLORIDE_5","DESONIDE_5","C_45","C_46","GLYCOPYRROLATE_5","ITRACONAZOLE_5","OCTISALATE_5","RIBOFLAVIN_5-PHOSPHATE_SODIUM_5","GLIMEPIRIDE_5","CEFTAZIDIME_5","GABAPENTIN_5","ELETRIPTAN_HYDROBROMIDE_5","ARIPIPRAZOLE_5","ZILEUTON_5","C_47","C_48","VINPOCETINE_5","RABEPRAZOLE_SODIUM_5","RISEDRONATE_SODIUM_5","EUCALYPTOL_5","COLISTIN_SULFATE_5","TRAVOPROST_5","DECAMETHONIUM_BROMIDE_5","BENZBROMARONE_5","BROMPERIDOL_5","IVERMECTIN_5","C_49","C_50","LORNOXICAM_5","CLAVULANATE_LITHIUM_5","TRETINOIN_5","SULBACTAM_5","AMMONIUM_LACTATE_5","NOMIFENSINE_MALEATE_5","ONDANSETRON_5","CYPROTERONE_ACETATE_5","DIRITHROMYCIN_5","CLORSULON_5","C_51","C_52","MANIDIPINE_HYDROCHLORIDE_5","ZOMEPIRAC_SODIUM_5","DROSPIRENONE_5","CARBADOX_5","RIBAVIRIN_5","BEMOTRIZINOL_5","CANRENONE_5","ATOVAQUONE_5","ETOPOSIDE_5","PENBUTOLOL_SULFATE_5","C_53","C_54","PARAMETHADIONE_5","ETHOTOIN_5","DYDROGESTERONE_5","IFOSFAMIDE_5","FLUROTHYL_5","CEFORANIDE_5","SUMATRIPTAN_SUCCINATE_5","BRINZOLAMIDE_5","AZATADINE_MALEATE_5","BETAXALOL_HYDROCHLORIDE_5","C_55","C_56","RIVASTIGMINE_TARTRATE_5","ETHYL_PARABEN_5","THIOSTREPTON_5","ALBUTEROL_5","SOTALOL_HYDROCHLORIDE_5","MYCOPHENOLATE_MOFETIL_5","CEFTIOFUR_HYDROCHLORIDE_5","CLINAFOXACIN_HYDROCHLORIDE_5","BUTOCONAZOLE_5","CEFPIRAMIDE_5","C_57","C_58","AZACITIDINE_5","TELMISARTAN_5","MOLSIDOMINE_5","PROSCILLARIDIN_5","CANDICIDIN_5","CINTRIAMIDE_5","PYRETHRINS_5","ESZOPICLONE_5","CLOZAPINE_5","SODIUM_PHENYLBUTYRATE_5","C_59"
"1","CD47",2090,2051,2197,2488,2423,2483,2755,2380,1918,1916,2419,2097,1730,2115,1822,2084,2289,2348,2128,2072,2098,2033,2555,1566,1641,1915,1890,2326,2325,2075,2163,2252,1865,2033,2333,2214,2159,1943,2295,2403,2278,2395,1906,2281,2411,2000,2350,2214,1662,1841,2116,2383,2452,2307,2254,2362,2276,1961,2279,1883,1533,2126,1883,2196,2455,2336,2421,2239,2157,2046,2349,2671,1851,1874,2886,2161,2101,2309,2288,2087,2118,2222,1989,1794,1790,2253,2111,2047,2462,2239,2318,2142,2355,2415,1583,1495,1668,2135,1997,2072,2205,1975,1919,2212,2137,1922,1357,1438,1361,1711,1720,1699,1789,1702,1578,1608,1714,1815,1403,1374,1723,1549,1658,1605,1615,1867,1612,1792,1803,1964,1599,1698,1627,1616,1665,1647,1799,1706,1741,1831,1776,1965,1746,1358,1540,1551,1696,1661,1714,1814,1816,1775,1906,2049,1587,1588,1647,1753,1596,1698,1707,1675,1955,1820,1611,1772,1463,1370,1496,1628,1594,1506,1691,1838,1731,1556,1717,1732,1423,1250,1739,1595,1513,1626,1621,1661,1709,1809,1863,1549,2055,1948,2300,2385,2204,2559,2680,2183,2121,2359,2666,2408,1599,1820,1703,2001,2157,1898,1885,1689,1950,1725,2215,2036,1589,1665,1819,1971,2095,1942,1968,1802,1952,2008,2039,2149,1906,1837,1886,2306,1992,2102,2127,2151,2133,2045,2240,2470,1803,1759,1782,1905,2094,2113,2131,2185,2236,2057,2700,2338,2054,1853,1983,2114,2001,2082,2173,2043,2199,2167,2330,2376,1864,1592,1878,1913,2098,1900,2051,1983,2071,2097,2166,2225,2131,1523,1905,1940,2083,2055,1993,1943,2218,2151,2281,1848,1929,2358,2169,2160,2175,2403,2767,2247,2336,2426,2571,3188,1770,1815,2021,1827,2161,1965,2075,1647,1857,1817,2163,2305,1695,1815,1900,2068,2036,2008,1750,1623,2151,1964,2132,2032,2065,1998,1841,2193,2124,2095,2065,1985,2208,2092,2307,2383,2033,1884,2031,2218,2318,2199,2317,2265,2539,2198,2086,2649,1833,1956,1921,2250,2215,2215,2116,1959,2132,2234,2087,2579,2100,1751,1848,1822,2157,1904,1945,1970,2480,2145,2063,2438,2063,1470,2083,2230,2251,2246,2239,2175,2343,2504,2298,2437,1835,2095,1937,1957,2139,2119,2201,1976,2107,2426,2604,2553,1219,1361,1463,1565,1577,1618,1761,1614,1750,1719,1719,1536,1545,1563,1593,1524,1787,1695,1627,1849,1883,1782,1780,2505,1416,1867,1698,1934,2246,1897,1895,2081,1972,2269,2558,2802,1810,1548,1623,1796,1832,1725,1884,1786,2219,2057,2400,2688,1569,1686,1694,1654,1671,1766,1912,1899,1978,2244,2561,2556,790,1637,1572,1779,1769,1644,1819,1753,1862,2102,2309,2400,1571,1604,1605,1615,1756,1888,1455,1800,2148,1957,2316,2556
"2","CD45",1885,1932,2087,2212,2176,1977,2524,2021,1779,1843,2295,2147,1433,1777,1406,1636,1895,2015,1980,1850,1733,1465,2278,1290,1227,1414,1367,2039,2181,1683,1708,1912,1721,1592,2051,1738,1810,1406,2670,2228,2003,1804,1737,1928,2165,1679,1801,2006,1194,1453,2188,2541,2368,1940,1746,2112,2065,1648,2199,1474,1025,1778,1515,2356,2429,2050,2093,1887,1878,1711,1950,2643,1652,1580,2974,1900,1976,2146,1929,2100,1679,2156,1533,1780,1552,1815,2011,1781,2248,2007,2090,1920,2397,2424,1426,1608,1569,2023,1922,2040,2411,2017,1961,2344,2473,2167,1144,1419,1196,1654,1706,1604,1731,1693,1654,1444,1761,1811,1048,1237,1482,1395,1675,1464,1383,1676,1536,1790,1774,1891,1509,1539,1834,1753,1703,1473,1858,1592,1754,1991,1750,2226,1897,1442,1494,1567,1524,1429,1738,1732,1688,1761,1880,1991,1538,1613,1596,2008,1628,1760,1663,1688,2084,1805,1739,1893,1368,1297,1300,1718,1508,1538,1555,1941,1804,1505,1770,1825,1285,1527,1763,1318,1625,1554,1582,1523,1721,1937,1979,1672,2019,2260,2342,2429,2248,2673,2792,2093,2040,2572,2813,2571,1438,1778,1425,1751,2077,1776,1977,1705,1895,1550,2181,2133,1442,1464,1380,1729,2032,1848,1702,1706,2073,1959,1900,2238,1727,1926,2025,2386,2109,1886,2183,1927,1984,2188,2109,2781,1828,1680,1659,2190,1901,1885,2059,2167,2350,1986,2316,2425,2011,1905,1893,2305,2137,2218,2207,2098,2070,1961,2507,2534,1660,1582,1837,1854,1903,1999,1955,2104,2330,2080,2324,2309,1977,1783,2100,1876,2086,2255,1874,2011,2367,2295,2480,2158,2041,2788,2286,2109,2270,2435,3235,2291,2412,2605,2971,3592,1872,2069,2080,1887,2371,1950,2231,1572,1703,1784,2379,2376,1535,1673,1841,2149,2183,2015,1806,1587,2426,2130,2288,1870,2241,2105,2265,2466,2350,2163,2184,1835,2307,2538,2399,2743,1859,2432,2507,2751,2783,2131,2450,2895,3143,2486,2067,3281,1971,2073,2023,2601,2345,2556,2288,2017,2136,2497,2206,3214,2048,1626,1719,1720,2161,2042,1735,2066,3210,2601,2342,3065,1841,1642,2398,2298,2650,2519,2282,2217,2575,2923,2774,2825,1919,2413,1952,2008,2217,2170,2469,2183,2211,2587,2955,3088,1259,1496,1476,1543,1715,1685,1884,1688,1852,1763,1901,1585,1544,1458,1341,1610,1816,1716,1682,1685,2020,1973,1910,2582,1602,1909,1907,2142,1908,1939,2043,2110,2122,2801,2703,3556,1896,1645,1669,2049,1972,1787,1939,2030,2449,2545,2677,3140,1636,1878,1778,1891,1957,1994,1993,1984,2307,2545,2866,3290,1017,1695,1735,1691,1832,1926,1768,1976,2185,2431,2709,2690,1742,1968,1886,1824,1820,2147,1578,2019,2463,2119,2791,2921
"3","HLA_ABC",2771,2762,2973,3263,3333,2907,3579,3071,2611,2639,3445,2940,2258,2633,2099,2531,2920,3028,3045,2626,2592,2423,3236,1995,2179,2234,2252,3013,3254,2622,2625,2899,2423,2265,3035,2680,2697,2275,3101,3071,2850,2883,2478,3060,3126,2786,2780,3034,2042,2262,2779,3156,3399,3002,2844,3056,3212,2510,3254,2385,1751,2690,2370,2985,3468,3163,3085,2774,2751,2656,3042,3765,2367,2510,3991,2856,2922,3241,3058,2902,2661,3092,2523,2216,2337,2789,3042,2790,3269,2934,3044,3003,3344,3539,2011,2051,2119,2846,2624,2875,3116,2767,2683,3341,3243,2843,1646,1958,1735,2357,2368,2303,2529,2330,2216,2112,2477,2468,1789,1760,2222,1917,2279,2245,2079,2316,2301,2440,2536,2671,2011,2283,2282,2403,2401,2255,2622,2372,2484,2718,2560,3017,2566,1786,2085,2126,2269,2165,2405,2516,2523,2610,2738,2825,2214,2204,2220,2797,2319,2434,2459,2328,2890,2476,2322,2677,1973,1955,1951,2409,2254,2204,2336,2638,2462,2197,2464,2545,1824,1730,2432,2172,2436,2253,2240,2252,2338,2586,2808,2190,2593,2841,3043,3293,3071,3424,3812,3101,2959,3446,3847,3563,1937,2419,2179,2562,3016,2548,2703,2434,2663,2299,3125,2916,2182,2129,2108,2455,2808,2625,2618,2376,2870,2583,2756,2966,2416,2408,2659,3065,2864,2920,3113,2868,2813,2943,3078,3554,2441,2243,2428,2723,2743,2784,2952,3109,3374,2993,3133,3310,2704,2476,2631,2983,2987,3033,3063,2932,3206,2806,3357,3460,2506,2362,2496,2619,2812,2669,2825,2948,3115,2842,3190,3258,2743,2187,2742,2581,3052,2963,2708,2712,3048,3106,3256,2863,2636,3283,2838,2919,3141,3240,4132,3173,3454,3550,3902,4647,2363,2621,2605,2601,3052,2643,3021,2117,2589,2618,3194,3346,2248,2263,2454,2944,2928,3023,2560,2332,3036,2663,3251,2654,2970,2740,2725,3267,3151,2891,3104,2675,3130,3090,3159,3626,2454,2734,2988,3227,3379,3098,3365,3239,3785,3225,2780,4085,2673,2875,2689,3232,3161,3234,3063,2867,3036,3228,2998,3634,2762,2416,2390,2642,3044,2741,2614,2900,3743,3247,3137,3673,2637,1969,3021,2948,3505,3215,3236,3115,3445,3694,3598,3751,2504,2998,2589,2593,3072,2858,3364,2968,3190,3815,3906,4162,1764,1927,1945,2033,2277,2321,2615,2165,2590,2449,2526,2128,2129,1936,1890,2105,2579,2382,2288,2244,2748,2451,2637,3547,2023,2609,2326,2615,2560,2611,2772,2906,2857,3330,3740,4501,2425,2231,2275,2494,2687,2513,2619,2669,3180,3031,3467,4195,2226,2452,2390,2313,2574,2659,2568,2644,2923,3345,3565,3799,1147,2334,2227,2628,2505,2404,2567,2758,2908,2959,3655,3646,2204,2240,2272,2368,2655,2820,2074,2625,3198,2819,3527,3876
"4","CD33",2357,2489,2548,2844,2770,2707,3310,2542,2201,2254,2931,2553,1928,2346,1922,2221,2419,2609,2449,2427,2257,2000,2842,1915,1708,2069,1968,2593,2747,2311,2117,2574,2173,2094,2552,2494,2389,2048,3056,2800,2604,2450,2233,2557,2736,2336,2447,2524,1671,1936,2663,3225,2946,2567,2368,2741,2660,2167,2665,1992,1515,2302,2010,2900,3023,2648,2689,2610,2428,2307,2629,3187,2121,2022,3549,2478,2410,2710,2547,2612,2313,2665,2052,2120,1946,2406,2352,2287,2807,2536,2610,2463,2868,2797,1893,1826,1984,2605,2432,2473,2877,2400,2300,2837,2778,2393,1559,1809,1619,2054,2009,1983,2250,2026,1915,1907,2019,2156,1519,1619,1888,1715,1932,1900,1683,2099,1932,2209,2066,2523,1854,1918,2214,2029,2030,1959,2114,1994,2068,2249,2172,2575,2216,1722,1828,1981,1896,1863,2143,2056,2119,2086,2269,2398,1987,1933,1988,2458,1965,1967,2129,2053,2412,2272,2107,2146,1659,1696,1633,1953,1928,1832,1932,2212,2163,1803,2023,2116,1603,1681,2146,1773,1820,1891,1886,1852,2040,2178,2337,1927,2437,2785,2831,2969,2803,3488,3380,2729,2493,2902,3148,3038,1844,2188,1874,2287,2416,2225,2362,2195,2360,2036,2575,2489,1966,1963,1942,2160,2421,2323,2142,2042,2417,2326,2318,2555,2289,2336,2502,2924,2482,2399,2566,2477,2441,2549,2622,3234,2313,2129,2128,2524,2311,2400,2614,2632,2811,2592,2766,2760,2250,2330,2288,2713,2623,2641,2596,2537,2624,2419,2858,2855,2204,2054,2193,2373,2415,2335,2462,2535,2789,2461,2711,2769,2440,2128,2326,2342,2527,2741,2417,2347,2762,2678,2898,2482,2384,3138,2599,2461,2704,2924,3663,2685,2762,2945,3443,4037,2213,2433,2481,2313,2696,2350,2567,1964,2106,2272,2728,2767,1994,2130,2250,2518,2411,2441,2234,1867,2723,2460,2675,2420,2668,2501,2453,2890,2681,2697,2617,2327,2654,2746,2867,3010,2188,2720,2824,3044,3234,2681,2817,3151,3565,2994,2342,3575,2252,2552,2475,2918,2674,2909,2722,2287,2555,2944,2541,3580,2472,2122,2057,2208,2603,2421,2186,2387,3522,3092,2606,3358,2420,1956,2675,2790,3008,2843,2687,2802,3097,3292,3124,3217,2223,2819,2407,2415,2677,2535,2963,2548,2719,3197,3490,3497,1553,1859,1928,1800,2117,1994,2225,1945,2250,2066,2247,1875,1816,1731,1809,1950,2183,2101,2171,2069,2424,2297,2304,3279,1913,2332,2240,2364,2233,2308,2331,2553,2583,3114,3385,4004,2173,2017,1995,2386,2309,2210,2340,2343,2901,2889,3247,3510,2048,2250,2156,2082,2266,2344,2188,2442,2649,3126,3417,3751,1150,2071,2119,2224,2284,2167,2197,2303,2423,2815,3056,3270,2063,2232,2095,2087,2132,2600,1850,2373,2860,2471,3213,3408
"5","HLA_E",2625,2762,2854,3153,3295,2848,3469,2757,2457,2417,3247,2781,1985,2446,2074,2353,2797,2800,2725,2537,2440,2283,3169,1961,1840,2140,2061,2741,3051,2481,2490,2736,2437,2265,2812,2570,2447,2180,3470,3154,2868,2751,2334,2892,3052,2502,2553,2784,1877,2171,3015,3288,3296,2777,2509,2849,2911,2366,3010,2197,1526,2677,2151,3118,3288,2930,2881,2795,2792,2429,2904,3595,2227,2218,3940,2706,2630,2997,2839,2744,2454,2943,2214,2174,2047,2545,2645,2531,2909,2666,2889,2627,3020,3094,1925,2078,2111,2781,2575,2656,3019,2563,2511,3107,3179,2655,1613,1897,1706,2232,2433,2113,2361,2314,2104,2064,2350,2404,1664,1739,2040,1956,2142,2100,1931,2273,2233,2480,2340,2528,2024,2071,2293,2315,2347,2101,2321,2210,2415,2429,2259,2866,2524,1827,2043,2132,2136,2112,2315,2313,2406,2376,2616,2654,2042,2026,2080,2524,2203,2288,2302,2296,2644,2408,2352,2451,1905,1763,1725,2195,2127,2046,2149,2470,2407,2071,2419,2400,1671,1778,2254,1915,2058,1952,2064,2021,2201,2373,2520,2061,2667,2859,3088,3246,2972,3550,3711,3044,2823,3282,3652,3287,2037,2422,1974,2541,2877,2414,2553,2316,2548,2208,2890,2795,2034,2120,2059,2392,2720,2690,2457,2213,2796,2669,2579,2852,2280,2387,2739,3118,2724,2689,2927,2789,2785,3068,3041,3642,2433,2274,2257,2704,2542,2599,2807,2840,3104,2701,2988,3156,2582,2533,2431,2999,2927,2767,2907,2778,2805,2785,3222,3393,2446,2050,2398,2583,2587,2525,2583,2762,2900,2774,2970,3040,2589,2101,2606,2504,2799,2818,2515,2598,2918,2945,3049,2695,2726,3436,2915,2816,2960,3266,4059,2969,3239,3341,3737,4365,2347,2632,2735,2601,2943,2526,2880,2102,2412,2575,3059,3109,2252,2298,2504,2675,2923,2801,2435,2139,3118,2592,2918,2604,2897,2669,2676,3189,3037,2869,2953,2587,3081,3157,3090,3364,2470,2975,3098,3232,3594,2996,3212,3332,3826,3132,2843,4031,2438,2621,2641,3339,2923,3183,3060,2655,2811,4759,2815,3895,2683,2224,2294,2283,2804,2559,2289,2758,3840,3221,3001,3685,2474,2064,2879,2927,3199,3082,2977,2917,3297,3468,3298,3564,2414,2942,2684,2527,2898,2914,3040,2777,2909,3345,3801,3863,1644,1920,1999,1999,2295,2187,2450,2226,2448,2361,2474,2053,2059,1859,1967,2061,2431,2208,2356,2314,2760,2499,2429,3423,1968,2429,2277,2571,2616,2925,2590,2889,2813,3430,3620,4407,2385,2232,2267,2517,2472,2435,2677,2509,3142,2994,3431,3938,2095,2354,2328,2265,2505,2536,2524,2484,2891,3189,3638,3976,1191,2215,2208,2244,2520,2304,2355,2563,2688,2899,3432,3457,2052,2432,2189,2226,2385,2753,1981,2576,3060,2607,3395,3536
"6","CD70",3612,3342,3641,3994,4078,4102,4215,3574,3123,3102,4078,3470,2800,3107,2921,3441,3560,3840,3474,3397,3274,3235,4031,2693,2660,3097,2994,3687,3969,3413,3378,3784,3246,3114,3770,3471,3477,2956,3950,3754,3570,3774,3130,3553,3844,3434,3568,3772,2667,2986,3688,3929,4011,3670,3554,3602,3744,3136,3731,3126,2382,3413,2953,3619,4032,3782,3884,3551,3598,3347,3831,4428,3055,2963,4588,3477,3347,3682,3558,3544,3510,3530,3197,2708,2801,3346,3385,3261,3751,3501,3586,3438,3726,3908,2588,2447,2692,3413,3104,3323,3524,3123,3031,3737,3524,3155,2221,2387,2199,2942,2740,2704,2842,2722,2573,2646,2741,2948,2242,2325,2757,2482,2746,2599,2504,2781,2739,2899,2842,3165,2626,2626,2764,2725,2714,2641,2818,2680,2923,2902,2830,3353,2918,2374,2533,2491,2695,2603,2895,2904,2882,2804,3118,3300,2518,2640,2551,2993,2618,2638,2799,2742,3225,2867,2778,2917,2328,2328,2259,2671,2594,2439,2679,2822,2847,2520,2729,2887,2378,2114,2740,2460,2522,2463,2611,2573,2568,2874,2964,2592,3366,3403,3798,4072,3737,4201,4301,3530,3485,3979,4404,3897,2667,3112,2766,3300,3559,3102,3131,2946,3196,2862,3617,3352,2845,2844,3005,3178,3543,3371,3444,2966,3443,3233,3400,3620,3042,3053,3244,3819,3334,3468,3547,3464,3276,3444,3715,4262,3057,2865,2929,3164,3300,3246,3485,3632,3752,3321,3622,3800,3248,3121,3155,3459,3341,3543,3609,3343,3521,3400,4068,3880,3088,2845,2937,3057,3360,3197,3234,3177,3413,3380,3643,3722,3465,2685,3226,3143,3409,3353,3169,3212,3659,3516,3606,3323,3229,4014,3494,3505,3649,3823,4658,3542,3774,3947,4325,5077,2919,3144,3271,3087,3453,3285,3313,2575,3012,3108,3644,3720,2926,2959,3044,3449,3262,3263,3093,2720,3555,3119,3657,3292,3564,3330,3151,3608,3539,3567,3440,3190,3645,3612,3873,4008,3180,3232,3480,3632,3986,3656,3587,3637,4167,3780,3443,4607,3205,3286,3117,3666,3456,3556,3546,3181,3498,3660,3643,4353,3398,2726,2949,2932,3517,3051,2946,3121,4175,3719,3306,4285,3156,2405,3473,3600,3732,3678,3691,3510,3869,4113,3816,4046,2973,3436,3190,3132,3415,3358,3463,3350,3599,3959,4353,4490,2118,2388,2322,2500,2693,2629,2745,2514,2875,2881,3002,2383,2561,2397,2494,2718,2926,2709,2907,2693,3110,2911,2976,4197,2513,2895,2868,3017,2985,3006,2968,3292,3297,3818,4108,5001,2923,2572,2713,2928,3045,2847,3024,2980,3645,3511,3981,4544,2568,2785,2795,2647,2817,3026,3053,2978,3260,3764,4159,4489,1454,2661,2599,2835,2928,2669,2801,2874,3119,3537,3874,4217,2708,2794,2623,2620,2744,3101,2340,3025,3540,3076,3884,4230
"7","IgG",3646,3658,3952,4106,4201,4131,4448,3778,3186,3225,4226,3790,2841,3365,2882,3326,3752,3757,3572,3379,3416,3087,4055,2744,2498,3047,2990,3733,3900,3268,3203,3659,3223,3154,3916,3613,3455,2984,4266,4258,3693,3560,3188,3772,3977,3430,3625,3859,2624,2932,4178,4946,4243,3834,3452,3832,4042,3145,4234,3043,2350,3329,2929,4112,4373,3908,3862,3752,3738,3413,4094,4629,3206,3068,5413,3661,3491,3926,3718,3745,3457,3809,3200,2915,3060,3634,3623,3478,4001,3699,4102,3704,4375,4500,2699,2902,2790,3672,3263,3621,3869,3375,3280,4134,4058,3617,2184,2562,2304,2898,2927,2745,3026,2895,2847,2641,2902,3177,2280,2281,2708,2489,2748,2740,2424,2866,2744,3136,3058,3519,2859,3550,2920,2916,2977,2698,3054,2784,3032,3113,2997,3796,3306,2531,2747,2919,2868,2708,3015,3107,3127,3081,3419,3594,2958,2830,2909,3331,2961,3068,2915,2944,3483,3156,3101,3200,2577,2416,2495,2908,2798,2685,2874,4441,3043,2707,3115,3347,2571,2236,3180,2780,2782,2893,2887,2860,3043,3238,3480,2959,3666,4255,4307,4107,4140,5135,5129,4041,3631,4330,4645,4222,2769,3391,2802,3412,3723,3223,3410,3114,3380,2915,3839,3634,2934,3004,2957,3140,3556,3390,3076,3071,3575,3501,3536,3862,3170,3410,3682,4050,3535,3559,3713,3732,3561,3787,3932,4864,3379,3239,3180,3663,3625,3533,3827,3913,4034,3518,4162,4078,3745,3591,3400,3944,3962,3775,3785,3632,3521,3647,4397,4260,3233,3111,3393,3421,3677,3457,3466,3696,3987,3693,3898,4302,3930,3007,3663,3633,3746,4210,3522,3683,4448,4002,4296,4071,3737,4641,4144,3943,3953,4416,5328,4194,4110,4349,5138,6292,3475,3839,3800,3418,4098,3537,3793,2971,3089,3474,3996,4257,3003,3277,3496,3671,3618,3668,3330,2815,4053,3836,4167,3725,4171,3963,3637,4223,4124,3969,3948,3444,3894,4423,4404,4547,3526,4336,4557,5072,4815,3984,4289,4674,5687,4557,3888,5625,3784,4009,3680,4312,4232,4421,4038,3533,3892,4623,3886,5435,3861,3227,3308,3269,4117,3606,3162,3570,5606,4746,3936,5424,3806,2700,4382,4413,4648,4442,4237,4272,4884,5247,4928,5077,3464,4356,3677,3579,3853,3899,4132,3893,4103,4560,5027,5297,2549,2874,2809,2822,3089,2970,3411,3004,3311,3165,3372,2755,2904,2823,2678,3001,3123,3030,3124,3085,3525,3496,3460,4829,2903,3561,3157,3614,3566,3527,3473,3738,3753,5062,5101,6112,3368,3126,3104,3712,3572,3349,3641,3623,4490,4494,4799,5398,3082,3371,3302,3157,3371,3619,3529,3413,3906,4687,5015,5997,1401,3205,3197,3334,3440,3348,3098,3424,3895,4298,4785,5085,3404,3222,3394,3469,3328,3994,2725,3689,4424,3758,5190,5239
"8","AnnexinV",4807,4950,5598,5612,5971,5977,6519,5337,4603,4841,5917,5249,3909,4684,4019,4626,5251,5603,5298,5031,4799,4418,5989,3830,3405,4203,4174,5432,5759,4842,4826,5237,4839,4355,5475,4953,4982,4287,6370,5670,5470,5220,4736,5577,5693,4897,4979,5299,3683,4097,5282,6098,6139,5401,5193,5571,5607,4678,5486,4270,3162,4980,4293,5707,6059,5597,5430,5080,5180,4815,5345,6339,4443,4248,6894,4981,5500,5601,5263,5551,4815,5314,4332,4360,4326,5222,5046,5121,5733,5321,5590,5126,6043,5846,3695,3862,3926,4994,4668,5479,5675,4915,4692,5932,5587,4931,3083,3596,3258,4206,4318,4207,4444,4177,4102,3906,4112,4390,3238,3335,3899,3759,4077,3977,3547,4223,3919,4332,4279,4674,3985,3962,4534,4415,4326,3931,4494,4068,4352,4617,4241,5154,4460,3590,3767,4013,4035,3916,4535,4359,4405,4417,4697,4820,4009,4067,3987,4729,4234,4309,4283,4148,4861,4314,4138,4388,3636,3477,3519,4252,3999,4111,4004,4499,4468,3785,4261,4358,3414,3559,4572,3787,3948,4126,4017,3892,4285,4447,4822,3955,5019,5250,5788,5712,5222,6671,6773,5348,5088,6016,6677,5913,3812,4470,3924,4623,5193,4604,4902,4461,4881,4085,5311,5098,3914,4047,4085,4395,5243,4969,4579,4272,4952,4928,4961,5335,4651,4684,5306,5857,5265,5121,5470,4855,5097,5406,5504,6268,4613,4320,4372,5120,4908,4910,5371,5602,5960,5094,5467,5755,5039,4767,4853,5480,5283,5171,5252,5155,5408,5161,5697,5873,4419,4212,4558,4762,4959,4953,4760,4995,5591,5164,5422,5828,5013,4302,4879,4818,5086,5421,4794,4728,5352,5320,5774,4983,4964,6034,5276,5024,5231,6146,7263,5572,5755,5925,6815,7884,4417,5100,5041,4682,5324,4948,5252,4068,4463,4571,5506,5651,4299,4342,4607,5153,5160,5114,4632,3983,5562,4926,5450,5013,5585,5201,5465,5974,5638,5356,5348,4812,5509,5615,5564,6212,4680,5281,5592,6264,6389,5513,5865,6073,6814,5770,5216,7009,4772,4833,4897,5911,5613,5705,5468,4918,5098,5624,5163,6739,4916,4268,4485,4698,5400,5168,4662,5118,7071,5669,5574,6474,4663,4069,5457,5553,5704,5868,5559,5454,6031,6333,6129,6124,4345,5338,4566,4459,5107,5263,5450,5096,5222,6004,6614,6981,3129,3630,3547,3601,3925,4033,4413,3811,4339,3988,4428,3691,3882,3601,3714,3969,4339,4276,4084,4034,4718,4276,4489,5986,3888,4346,4354,4851,4532,4515,4780,5059,4954,5965,6431,7628,4420,4102,4064,4755,4524,4495,4823,4673,5654,5373,5953,6905,3854,4127,4217,4357,4363,4510,4460,4554,5084,5797,6231,7019,2360,4070,3943,4516,4390,4376,4380,4497,5136,5368,5861,6279,3967,4447,4235,4150,4099,5136,3565,4620,5438,4852,6072,6331
"9","CSF1R",3853,3709,4131,4400,4641,4969,4894,4211,3753,4530,4614,3864,3463,3699,3736,3973,4235,4395,3975,3954,3948,3935,4518,3167,3294,3801,3611,4224,4400,3913,3783,4237,3688,3613,4636,4100,3977,3547,3994,4290,4137,4656,3589,4483,4553,4203,4514,4313,3439,3629,3733,4127,4671,4319,4401,4378,4484,3838,4681,3835,3283,4070,3756,3754,4452,4457,4601,4090,4155,4171,4487,4906,3751,3732,4751,4260,4298,4602,4411,4142,4075,4357,4084,3107,3449,4273,4144,4157,4552,4392,4407,4474,4503,4687,2827,2803,3077,3799,3439,3925,4169,3798,3719,4182,4263,3616,2479,2678,2555,3355,3103,3139,3342,3170,2994,3001,3238,3288,2631,2518,3046,2951,3070,3067,2989,3339,3126,3349,3397,3475,2920,2970,3033,3131,3162,3258,3276,3141,3298,3507,3303,3816,3437,2663,2984,2871,3074,3108,3391,3294,3360,3314,3719,3752,2935,2885,3162,3399,3178,3237,3293,3205,3781,3311,3067,3402,2958,2786,2864,3165,3254,3121,3325,3383,3281,3025,3216,3148,2824,2457,3378,2974,3176,3052,3298,3237,3265,3315,3519,3015,3708,3709,4067,4332,4063,4872,4739,4093,3911,4452,4808,4297,2840,3218,3223,3703,3952,3495,3508,3374,3787,3314,3960,3802,3227,3367,3465,3516,3787,3832,3676,3459,3826,3656,3926,3940,3518,3399,3538,4261,3661,4010,4057,4042,3888,3786,4264,4445,3491,3120,3344,3569,3877,3979,4036,4076,4058,3910,4212,4153,3628,3427,3722,3772,3778,4001,4126,3822,4040,4025,4213,4325,3646,3289,3593,3606,4047,3588,3928,3899,3980,3870,3930,4247,4107,2897,3686,3684,4008,3822,3805,3835,4136,3893,4170,3749,3492,4059,3750,3859,3994,4640,5027,4135,4297,4382,4883,5955,3074,3475,3566,3422,3683,3563,3707,3018,3441,3452,3953,4210,3243,3088,3519,3823,3717,3729,3880,3173,3916,3486,3999,3731,3685,3576,3441,3998,4013,4086,4000,3751,3958,3830,4364,4358,3625,3339,3673,4006,4114,4159,4191,4077,4455,4009,3971,4868,3507,3852,3753,3749,3957,4049,3946,3699,4073,3911,3989,4413,3756,3233,3391,3493,4046,3644,3725,3556,4424,4076,3939,4441,3801,2658,3788,4024,4214,4013,4378,4051,4492,4698,4479,4565,3328,3805,3532,3412,3752,3823,3999,3813,3960,4389,4663,5041,2345,2631,2659,2819,2993,2937,3212,2728,3193,3199,3295,2724,2962,2777,2921,3071,3252,3153,3274,3112,3475,3345,3510,4391,2785,3454,2948,3465,3214,3432,3352,3787,3717,3987,4222,4951,3246,3005,2975,3200,3396,3165,3433,3299,3812,3734,4221,4966,2817,3138,3078,2975,3252,3393,3252,3282,3622,3963,4256,4597,1414,3090,2949,3305,3188,3132,3389,3349,3430,3655,4476,4702,3139,2860,3112,3046,3251,3593,12266,3582,4025,3580,4457,4661
"10","CD86",3435,3370,3695,3485,4373,3616,4195,3755,3334,3311,4194,3580,3115,3080,2733,3355,3690,3597,3545,3325,3346,3134,4052,2685,2958,2913,2843,3753,4076,3270,3917,3848,3297,3023,3977,3401,3657,2971,3638,3885,3689,3795,3282,3876,4057,3430,3661,3645,2973,2903,3237,4164,4145,3742,3776,3738,4119,3573,4166,3086,2538,3558,3135,3549,4118,4065,3843,3508,3520,3233,3686,4473,3067,3057,4480,3666,3876,4172,4155,3667,3426,3830,3355,2687,3174,3579,3927,3646,4187,3656,3809,4269,4262,4350,2528,2766,2839,3402,3463,3518,3834,3827,3830,4188,4069,3637,2067,2361,2404,3025,3029,2958,3151,2970,2850,2797,3529,3274,2202,2174,2824,2614,2921,2729,2699,3277,2916,3292,3298,3359,2450,2655,2817,3088,3134,2981,3289,3072,3276,3304,3203,3753,3101,2239,2673,2782,2755,2804,3351,3139,3236,3449,3765,3425,2736,2779,2974,3336,3099,3200,3181,3087,3687,3043,2911,3344,2644,2347,2513,3107,3198,2815,3182,3579,3156,2941,3294,3247,2459,2261,3180,2878,3274,2822,3172,3075,3116,3550,3425,2937,3271,3364,3561,3776,3860,3971,4294,3982,3891,4227,4614,4463,2583,2746,2652,3259,3691,3120,3405,2992,3498,2896,3903,3625,2924,2723,2879,3270,3596,3298,3608,3147,3706,3558,3630,3595,2933,2904,3212,4058,3575,3888,3959,3716,3904,3765,4015,4315,3193,2650,3113,3312,3341,3620,3790,3674,3950,3881,3955,4094,3484,3238,3248,3638,3580,3888,3994,3816,3881,3505,4081,4229,3509,2788,3254,3588,3756,3500,3731,3736,3988,3750,4010,3943,3611,2661,3554,3325,4085,3833,3556,3433,3719,4025,4075,3477,3341,4106,3622,3394,3912,4101,4805,4009,4414,4391,4923,5449,3007,3047,3370,3447,3768,3392,3757,2932,3469,3315,4046,4106,3136,2916,3355,3650,4115,3757,3372,4341,4098,3440,4022,3581,3472,3322,3313,3976,4063,3983,4037,3786,4197,4019,4254,4608,3413,3405,3834,4065,4353,3906,4200,4183,4648,4013,3797,5096,3430,3669,3454,3868,3802,4019,4103,3581,3910,3981,3778,4612,3599,2950,3259,3324,3941,3593,3560,3739,4811,4175,4049,4532,3368,2583,3978,3715,4451,3999,4196,3878,4477,4684,4477,4491,3102,3522,3111,2808,3533,3197,3443,3464,3787,4208,4427,4816,2159,2262,2255,2676,2899,2756,2967,2785,3275,2804,3163,2738,2685,2488,2533,2710,3189,2795,2908,2950,3258,2998,3418,4250,2452,3067,2735,3299,3201,3230,3227,3963,3543,3648,4136,4668,3080,2548,2973,3011,3109,3048,3231,3080,3679,3532,3910,5587,2699,2867,2847,2812,3025,3276,3179,3204,3402,3498,4067,4153,1449,2701,2602,3204,3028,2909,3916,3334,3389,3349,4626,4276,2758,2638,2704,2642,3377,3249,2528,3226,3805,3884,4262,4301
"11","CD11b",1201,1194,1216,1355,1528,1174,1412,1278,1089,1115,1455,1229,1055,1158,994,1259,1251,1305,1212,1104,1120,1176,1347,944,1122,1032,1025,1349,1318,1220,1142,1293,1177,1032,1415,1102,1234,1095,1193,1451,1327,1405,1094,1375,1437,1214,1270,1213,991,1032,1161,1314,1401,1281,1249,1256,1478,1148,1407,1064,907,1204,1120,1271,1357,1434,1439,1204,1197,1042,1349,1474,1050,1068,1525,1280,1261,1488,1446,1213,1110,1337,1188,988,1110,1255,1375,1224,1479,1293,1308,1506,1583,1441,894,954,970,1250,1202,1109,1373,1278,1245,1481,1511,1360,777,908,925,1085,1061,1114,1134,1074,1004,929,1170,1191,837,787,942,875,1083,1053,916,1218,1067,1176,1107,1148,967,909,985,1047,1098,1120,1242,1151,1183,1250,1229,1338,1009,849,946,988,956,1029,1135,1023,1123,1213,1234,1241,961,957,1101,1161,1090,1143,1124,1099,1304,1039,1056,1176,948,885,912,1077,1027,983,1179,1278,1118,1004,1165,1127,835,775,1106,1002,1165,982,1066,1153,1153,1206,1418,1009,1163,1189,1218,1548,1349,1349,1444,1365,1362,1472,1702,1538,874,997,971,1168,1363,1178,1245,1078,1230,1104,1378,1294,1005,952,1034,1181,1299,1231,1258,1121,1272,1225,1193,1264,1181,946,1113,1419,1249,1332,1322,1245,1381,1284,1417,1491,1066,926,1218,1144,1141,1299,1331,1279,1396,1286,1328,1373,1192,1086,1151,1220,1246,1337,1442,1311,1391,1273,1384,1484,1222,1015,1199,1141,1285,1147,1304,1279,1311,1263,1362,1379,1246,957,1193,1169,1358,1276,1256,1189,1327,1407,1340,1172,1163,1403,1230,1260,1348,1404,1743,1419,1457,1478,1663,1841,979,1089,1136,1169,1238,1173,1676,1007,1192,1226,1359,1400,1074,954,1117,1317,1292,1230,1111,1072,1423,1212,1418,1287,1251,1144,1095,1352,1382,1313,1412,1245,1336,1391,1425,1537,1121,1225,1283,1350,1772,1385,1382,1370,1610,1377,1276,1728,1698,1246,1196,1331,1474,1425,1348,1268,1293,1497,1283,1575,1520,1033,1086,1234,1270,1157,1228,1285,1581,1412,1532,1532,1163,912,1270,1332,1532,1397,1444,1355,1515,1576,1533,1506,1003,1154,1042,1033,1354,1229,1257,1313,1214,1492,1495,1606,757,820,782,871,1010,1001,1053,878,1103,1014,1111,910,946,848,870,950,1089,991,1005,992,1084,1074,1147,1364,875,1046,968,1077,1047,1059,1225,1178,1292,1332,1444,1624,924,927,995,992,1005,1041,1117,988,1270,1110,1323,1604,840,933,979,966,1019,1115,1118,1057,1288,1257,1295,1434,430,885,855,1095,1041,970,1152,1111,1199,1157,1461,1402,956,925,898,873,1099,1126,787,1103,1271,1169,1468,1455
"12","CD14",1365,1335,1537,1672,1715,1436,1707,1521,1367,1321,1739,1345,1143,1247,1125,1377,1482,1567,1469,1359,1342,1269,1687,1036,1100,1267,1159,1465,1635,1397,1324,1524,1332,1219,1511,1396,1440,1252,1521,1564,1547,1546,1285,1733,1696,1348,1514,1423,1024,1197,1271,1547,1662,1474,1476,1615,1648,1307,1592,1210,938,1329,1265,1588,1685,1555,1626,1538,1470,1266,1556,1704,1246,1214,1768,1447,1411,1545,1577,1462,1356,1617,1273,1112,1211,1357,1503,1421,1608,1433,1481,1499,1655,1660,1038,1149,1156,1543,1490,1516,1585,1530,1415,1735,1649,1632,877,1052,972,1252,1291,1180,1286,1235,1154,1264,1344,1312,940,959,1188,1116,1262,1176,1121,1329,1306,1520,1304,1380,1145,1151,1224,1247,1269,1270,1410,1272,1408,1352,1392,1476,1282,988,1428,1202,1161,1147,1391,1329,1367,1305,1302,1402,1157,1130,1238,1352,1148,1344,1530,1260,1557,1304,1198,1314,1074,979,972,1272,1215,1070,1184,1420,1315,1209,1235,1347,978,890,1229,1059,1258,1141,1251,1183,1263,1343,1460,1114,1271,1316,1494,1821,1524,1732,1864,1601,1597,1669,1872,1759,1079,1181,1074,1342,1575,1330,1353,1246,1468,1272,1542,1439,1194,1170,1185,1351,1556,1410,1443,1305,1484,1490,1487,1528,1259,1215,1277,1655,1469,1561,1546,1543,1503,1541,1677,1737,1249,1148,2707,1319,1366,1456,1611,1488,1581,1359,1568,1588,1369,1283,1271,1402,1426,1521,1616,1477,1629,1402,1642,1663,1343,1110,1240,1316,1374,1381,1511,1463,1518,1516,1599,1620,1415,1048,1395,1361,1531,1537,1365,1273,1464,1550,1620,1348,1372,1719,1482,1548,1564,1752,2025,1620,1723,1725,1864,2289,1209,1397,1411,1312,1582,1479,1575,1089,1343,2221,1584,1668,1158,1213,1267,1583,1619,1643,1372,1246,1628,1483,1619,1370,1518,1392,1451,1603,1505,1555,1586,1447,1742,1547,1724,2010,1358,1407,4004,1593,1741,1528,1632,1670,1851,1609,1484,2089,1328,1482,1401,1596,1474,1591,1538,1543,1541,1622,1485,1969,1370,1099,1211,1299,1532,1355,1372,1429,1861,1570,1495,1899,1246,1020,1387,1491,1662,1568,1611,1567,1773,1839,1889,1741,1272,1346,1301,1180,1369,1323,1515,1390,1410,1647,1761,1687,761,955,941,1091,1113,1132,1230,1053,1312,1177,1310,1047,1024,1010,1229,1091,1308,1174,1201,1159,1355,1224,1315,1623,1037,1240,1232,1351,1239,1247,1340,1419,1396,1467,1674,1843,1214,1042,1234,1207,1251,1146,1304,1237,1397,1304,1489,1905,1016,1129,1132,1057,1179,1264,1262,1334,1372,1435,1531,1650,553,1116,1012,1262,1204,1089,1281,1308,1336,1252,1626,1643,1008,1123,1105,1054,1200,1341,957,1280,1413,1275,1585,1587
"13","CD123",3270,3301,3584,3655,3931,3546,4087,3519,3084,3117,3941,3442,2628,3013,2620,3138,3391,3664,3398,3259,3074,2852,3876,2497,2428,2873,2806,3633,3759,3113,3020,3533,2969,2911,3756,3245,3380,2722,3936,3858,3455,3544,3042,3594,3624,3194,3495,3460,2434,2791,3450,4027,3835,3586,3330,3711,3641,3142,3843,2808,2165,3262,2907,3636,4095,3735,3699,3384,3344,3007,3670,4448,2790,2842,4767,3330,3231,3931,3524,3380,3210,3461,3083,2796,2809,3417,3354,3263,3786,3491,3683,3550,3874,3788,2387,2502,2665,3398,3222,3290,3762,3261,3132,3721,3778,3321,1912,2283,2108,2871,2719,2693,2933,2661,2680,2458,2771,2902,2127,2110,2443,2383,2708,2505,2365,2771,2611,2971,2810,3145,2556,2498,2634,2843,2701,2703,2907,2617,2863,3009,2942,3445,2922,2227,2490,2589,2630,2609,2918,2959,2796,2977,3281,3089,2415,2507,2646,3069,2648,2751,2702,2821,3217,2859,2716,3033,2384,2216,2355,2755,2732,2469,2774,3092,2823,2540,2793,2936,2294,2064,2858,2415,2702,2692,2706,2585,2706,2938,3147,2611,3430,3538,3766,3931,3745,4550,4545,3644,3460,3960,4501,4039,2506,2997,2556,3213,3504,3070,3182,2940,3246,2778,3434,3476,2698,2582,2557,2950,3416,3055,2977,2951,3280,3315,3218,3582,2980,2924,3179,3696,3324,3485,3470,3370,3390,3519,3788,4252,2953,2679,2702,3197,3066,3430,3526,3789,3649,3371,3643,3821,3256,3076,3117,3415,3444,3518,3516,3485,3621,3419,3841,4137,2989,2657,2898,3136,3339,3044,3455,3367,3496,3281,3572,3838,3410,2552,3206,3152,3428,3517,3317,3247,3685,3463,3725,3301,3306,4015,3419,3385,3611,3958,4828,3636,3810,3954,4545,5378,2733,3118,3116,3215,3580,3114,3311,2577,2890,3102,3645,3663,2781,2743,2931,3394,3391,3293,2979,2611,3635,3212,3500,3268,3572,3179,3107,3687,3547,3471,3494,3177,3659,3602,3863,3955,3091,3356,3539,3804,3974,3752,3765,4121,4573,3829,3349,4607,2995,3194,3202,3602,3528,3792,3518,3313,3436,3675,3476,4612,3329,2603,2828,2863,3324,3136,3049,3157,4441,3864,3502,4415,3050,2310,3451,3669,3841,3774,3667,3518,3925,4234,3992,4129,2970,3558,3043,3296,3445,3407,3688,3454,3481,4040,4455,4619,2062,2434,2377,2451,2682,2612,2920,2576,2822,2686,2895,2547,2527,2384,2411,2654,2837,2620,2777,2735,3043,2915,3021,4221,2578,2938,2779,3152,2991,3164,3092,3381,3342,4080,4331,5121,2874,2641,2659,2959,2901,2924,3104,3002,3642,3589,4197,4683,2489,2782,2827,2666,3004,3077,3009,3064,3459,3783,4340,4840,1396,2682,2560,2941,2940,2752,2825,2992,3327,3633,4009,4083,2717,2746,2748,2650,2908,3247,2443,3078,3559,3154,4077,4353
"14","CLL1",1411,1444,1680,1692,1848,1494,1830,1608,1331,1455,1829,1641,1152,1409,1086,1276,1542,1655,1529,1369,1312,1258,1812,1035,981,1201,1146,1529,1710,1314,1270,1465,1253,1199,1514,1313,1470,1132,1674,1642,1608,1377,1248,1590,1651,1337,1442,1507,1017,1090,1634,1791,1905,1543,1485,1623,1627,1264,1616,1183,879,1394,1195,1685,1928,1655,1563,1451,1453,1310,1481,2147,1169,1218,2308,1468,1473,1829,1557,1502,1377,1489,1294,1242,1222,1444,1581,1389,1738,1470,1634,1533,1751,1907,1056,1209,1189,1466,1416,1397,1685,1410,1382,1685,1746,1543,835,1051,927,1256,1325,1242,1278,1225,1156,1183,1270,1397,876,865,1151,945,1147,1129,1035,1216,1195,1380,1300,1379,1086,1113,1200,1228,1235,1104,1390,1201,1324,1402,1304,1607,1397,1039,1097,1143,1133,1114,1296,1306,1346,1342,1450,1465,1213,1169,1150,1471,1263,1289,1231,1387,1552,1289,1185,1398,1099,928,955,1187,1203,1121,1151,1376,1328,1135,1248,1318,998,962,1262,1033,1293,1134,1240,1104,1279,1372,1438,1188,1389,1671,1641,1790,1585,1742,1976,1645,1491,1849,1998,1857,1018,1261,988,1352,1532,1295,1409,1287,1418,1112,1613,1541,1141,1084,1089,1254,1534,1340,1378,1228,1540,1501,1373,1551,1225,1243,1376,1694,1453,1451,1670,1400,1536,1633,1692,2020,1313,1192,1258,1460,1419,1450,1570,1625,1751,1555,1688,1791,1489,1310,1413,1638,1612,1676,1568,1520,1547,1532,1752,1956,1338,1154,1300,1315,1395,1437,1474,1504,1651,1551,1681,1779,1499,1152,1422,1378,1628,1539,1383,1403,1750,1767,1768,1523,1496,1941,1618,1542,1680,1712,2282,1658,1866,1954,2158,2762,1331,1506,1479,1394,1689,1449,1720,1187,1305,1429,1752,1844,1241,1264,1295,1565,1555,1541,1338,1123,1727,1487,1711,1418,1679,1521,1518,1754,1616,1556,1673,1400,1626,1703,1740,1953,1403,1680,1745,1818,2013,1607,1806,1895,2230,1757,1628,2373,1422,1617,1410,1807,1744,1794,1662,1496,1660,1842,1565,2226,1568,1240,1244,1256,1667,1511,1296,1554,2238,1831,1581,2126,1352,1072,1661,1709,1920,1770,1683,1647,1875,2128,1909,2059,1352,1631,1435,1431,1656,1440,1733,1599,1668,1933,2223,2227,872,1004,1029,1138,1211,1214,1320,1145,1368,1327,1385,1141,1178,1074,1050,1130,1325,1202,1284,1283,1454,1402,1457,1928,1079,1391,1219,1436,1410,1460,1447,1663,1579,1926,2075,2508,1354,1247,1307,1412,1478,1271,1412,1397,1733,1651,2036,2344,1177,1359,1287,1337,1502,1403,1415,1445,1676,1907,2032,2262,616,1285,1137,1335,1422,1359,1362,1467,1581,1872,1978,1954,1203,1240,1261,1198,1409,1616,1136,1428,1698,1511,1924,2115
"15","CD38",1278,1308,1418,1476,1634,1418,1670,1393,1233,1249,1629,1458,1038,1247,999,1237,1454,1489,1404,1198,1228,1066,1590,1002,928,1155,1046,1392,1443,1261,1180,1431,1194,1127,1408,1335,1327,1101,1626,1468,1423,1335,1186,1367,1427,1244,1312,1383,985,1119,1360,1662,1625,1349,1295,1437,1398,1174,1414,1093,795,1323,1062,1593,1652,1437,1464,1266,1345,1264,1459,1779,1081,1094,1903,1373,1357,1502,1434,1376,1283,1445,1109,1180,1124,1324,1302,1295,1511,1343,1426,1400,1544,1600,1024,1038,1089,1449,1335,1445,1567,1383,1310,1585,1631,1440,816,990,907,1173,1139,1076,1215,1126,1000,989,1190,1281,870,821,1039,982,1030,1047,995,1185,1103,1226,1211,1313,1027,1080,1235,1105,1224,988,1222,1074,1225,1276,1223,1463,1254,906,1053,1124,1089,1132,1199,1186,1231,1198,1320,1375,1066,1097,1034,1340,1192,1139,1145,1117,1354,1283,1271,1259,1031,892,912,1095,1125,1102,1146,1266,1258,1083,1356,1292,938,959,1208,1007,1099,1079,1126,1084,1183,1281,1270,1106,1422,1456,1581,1723,1514,1864,1850,1490,1445,1671,1873,1823,1005,1187,1058,1268,1411,1312,1333,1155,1306,1080,1480,1458,1065,1141,1077,1139,1402,1319,1180,1205,1344,1326,1320,1492,1242,1186,1448,1440,1449,1380,1442,1351,1427,1484,1531,1846,1325,1163,1152,1349,1314,1345,1527,1457,1582,1365,1604,1600,1406,1224,1335,1498,1535,1482,1527,1422,1398,1390,1656,1661,1220,1128,1207,1299,1340,1355,1394,1381,1492,1425,1481,1674,1395,1139,1449,1253,1510,1475,1305,1405,1597,1597,1605,1457,1400,1776,1429,1390,1487,1604,2059,1549,1557,1638,1874,2325,1220,1364,1279,1289,1560,1290,1462,1063,1233,1255,1576,1603,1112,1188,1251,1414,1438,1394,1247,1069,1559,1395,1535,1362,1419,1397,1387,1553,1548,1457,1431,1310,1520,1626,1623,1735,1229,1551,1570,1688,1890,1491,1538,1717,2017,1736,1357,2166,1338,1334,1365,1605,1641,1639,1584,1361,1498,1668,1442,2079,1354,1139,1112,1241,1490,1278,1289,1320,2063,1780,1437,1962,1378,1110,1474,1528,1697,1584,1526,1500,1748,1941,1717,1800,1269,1569,1293,1356,1439,1331,1592,1418,1539,1752,1990,2052,878,1027,991,1027,1115,1030,1253,1165,1328,1175,1280,1143,1052,1015,998,1079,1198,1189,1137,1172,1318,1282,1240,1828,1152,1244,1221,1353,1332,1297,1301,1423,1432,1683,1879,2249,1226,1109,1062,1353,1322,1227,1298,1243,1604,1598,1668,1998,1055,1311,1146,1162,1321,1322,1261,1333,1544,1658,1875,2035,661,1192,1102,1206,1212,1202,1260,1282,1431,1530,1702,1904,1161,1365,1185,1143,1270,1404,982,1398,1572,1471,1847,1907
